time,value,n
2006-01-01,0,1
2006-01-08,0,1
2006-01-15,0,1
2006-01-22,0,1
2006-01-29,0,1
2006-02-05,0,1
2006-02-12,0,1
2006-02-19,0,1
2006-02-26,0,1
2006-03-05,0,1
2006-03-12,0,1
2006-03-19,0,2
2006-03-26,0,2
2006-04-02,0,2
2006-04-09,0,2
2006-04-16,0,2
2006-04-23,0,2
2006-04-30,0,2
2006-05-07,0,2
2006-05-14,0,2
2006-05-21,0,2
2006-05-28,0,2
2006-06-04,0,3
2006-06-11,0,3
2006-06-18,0,3
2006-06-25,0,3
2006-07-02,0,3
2006-07-09,0,3
2006-07-16,0,3
2006-07-23,0,3
2006-07-30,0,3
2006-08-06,0,3
2006-08-13,0,3
2006-08-20,0,4
2006-08-27,0,4
2006-09-03,0,4
2006-09-10,0,4
2006-09-17,0,4
2006-09-24,0,4
2006-10-01,0,4
2006-10-08,0,4
2006-10-15,0,4
2006-10-22,0,4
2006-10-29,0,4
2006-11-05,0,5
2006-11-12,0,5
2006-11-19,0,5
2006-11-26,0,5
2006-12-03,0,5
2006-12-10,0,5
2006-12-17,0,5
2006-12-24,0,5
2006-12-31,0,5
2007-01-07,0,5
2007-01-14,0,5
2007-01-21,0,6
2007-01-28,0,6
2007-02-04,0,6
2007-02-11,0,6
2007-02-18,0,6
2007-02-25,0,6
2007-03-04,0,6
2007-03-11,0,6
2007-03-18,0,6
2007-03-25,0,6
2007-04-01,0,6
2007-04-08,0,7
2007-04-15,0,7
2007-04-22,0,7
2007-04-29,0,7
2007-05-06,0,7
2007-05-13,0,7
2007-05-20,0,7
2007-05-27,0,7
2007-06-03,0,7
2007-06-10,0,7
2007-06-17,0,7
2007-06-24,0,8
2007-07-01,0,8
2007-07-08,0,8
2007-07-15,0,8
2007-07-22,0,8
2007-07-29,0,8
2007-08-05,0,8
2007-08-12,0,8
2007-08-19,0,8
2007-08-26,0,8
2007-09-02,0,8
2007-09-09,0,9
2007-09-16,0,9
2007-09-23,0,9
2007-09-30,0,9
2007-10-07,0,9
2007-10-14,0,9
2007-10-21,0,9
2007-10-28,0,9
2007-11-04,0,9
2007-11-11,0,9
2007-11-18,0,9
2007-11-25,0,10
2007-12-02,0,10
2007-12-09,0,10
2007-12-16,0,10
2007-12-23,0,10
2007-12-30,0,10
2008-01-06,0,10
2008-01-13,0,10
2008-01-20,0,10
2008-01-27,0,10
2008-02-03,0,10
2008-02-10,0,11
2008-02-17,0,11
2008-02-24,0,11
2008-03-02,0,11
2008-03-09,0,11
2008-03-16,0,11
2008-03-23,0,11
2008-03-30,0,11
2008-04-06,0,11
2008-04-13,0,11
2008-04-20,0,11
2008-04-27,0,12
2008-05-04,0,12
2008-05-11,0,12
2008-05-18,0,12
2008-05-25,0,12
2008-06-01,0,12
2008-06-08,0,12
2008-06-15,0,12
2008-06-22,0,12
2008-06-29,0,12
2008-07-06,0,12
2008-07-13,0,13
2008-07-20,0,13
2008-07-27,0,13
2008-08-03,0,13
2008-08-10,0,13
2008-08-17,0,13
2008-08-24,0,13
2008-08-31,0,13
2008-09-07,0,13
2008-09-14,0,13
2008-09-21,0,13
2008-09-28,0,14
2008-10-05,0,14
2008-10-12,0,14
2008-10-19,0,14
2008-10-26,0,14
2008-11-02,18,14
2008-11-09,16,14
2008-11-16,36,14
2008-11-23,23,14
2008-11-30,0,14
2008-12-07,0,14
2008-12-14,20,15
2008-12-21,0,15
2008-12-28,0,15
2009-01-04,40,15
2009-01-11,84,15
2009-01-18,100,15
2009-01-25,76,15
2009-02-01,67,15
2009-02-08,64,15
2009-02-15,56,15
2009-02-22,90,15
2009-03-01,57.875,16
2009-03-08,82.1875,16
2009-03-15,43.625,16
2009-03-22,56.875,16
2009-03-29,58.8125,16
2009-04-05,30.4375,16
2009-04-12,37.5625,16
2009-04-19,40.625,16
2009-04-26,39.5625,16
2009-05-03,47.6875,16
2009-05-10,25.375,16
2009-05-17,27.588235294117645,17
2009-05-24,28.647058823529413,17
2009-05-31,32,17
2009-06-07,32,17
2009-06-14,44.05882352941177,17
2009-06-21,26.41176470588235,17
2009-06-28,18.764705882352946,17
2009-07-05,23.176470588235293,17
2009-07-12,27.588235294117645,17
2009-07-19,0,17
2009-07-26,0,17
2009-08-02,30.444444444444443,18
2009-08-09,30.611111111111104,18
2009-08-16,0,18
2009-08-23,0,18
2009-08-30,27.88888888888889,18
2009-09-06,21.61111111111111,18
2009-09-13,17.944444444444443,18
2009-09-20,0,18
2009-09-27,0,18
2009-10-04,0,18
2009-10-11,0,18
2009-10-18,0,19
2009-10-25,0,19
2009-11-01,19.210526315789473,19
2009-11-08,0,19
2009-11-15,0,19
2009-11-22,30.42105263157895,19
2009-11-29,0,19
2009-12-06,0,19
2009-12-13,0,19
2009-12-20,0,19
2009-12-27,0,19
2010-01-03,0,20
2010-01-10,0,20
2010-01-17,0,20
2010-01-24,0,20
2010-01-31,0,20
2010-02-07,0,20
2010-02-14,0,20
2010-02-21,0,20
2010-02-28,0,20
2010-03-07,0,20
2010-03-14,28.25,20
2010-03-21,0,21
2010-03-28,0,21
2010-04-04,0,21
2010-04-11,0,21
2010-04-18,0,21
2010-04-25,0,21
2010-05-02,0,21
2010-05-09,0,21
2010-05-16,0,21
2010-05-23,0,21
2010-05-30,0,21
2010-06-06,0,22
2010-06-13,0,22
2010-06-20,0,22
2010-06-27,0,22
2010-07-04,0,22
2010-07-11,0,22
2010-07-18,0,22
2010-07-25,0,22
2010-08-01,0,22
2010-08-08,0,22
2010-08-15,0,22
2010-08-22,0,23
2010-08-29,0,23
2010-09-05,0,23
2010-09-12,0,23
2010-09-19,36.173913043478265,23
2010-09-26,0,23
2010-10-03,0,23
2010-10-10,0,23
2010-10-17,0,23
2010-10-24,0,23
2010-10-31,0,23
2010-11-07,0,24
2010-11-14,0,24
2010-11-21,0,24
2010-11-28,0,24
2010-12-05,0,24
2010-12-12,0,24
2010-12-19,0,24
2010-12-26,0,24
2011-01-02,0,23
2011-01-09,0,23
2011-01-16,0,23
2011-01-23,0,24
2011-01-30,0,24
2011-02-06,0,24
2011-02-13,0,24
2011-02-20,0,24
2011-02-27,0,24
2011-03-06,0,24
2011-03-13,0,24
2011-03-20,0,23
2011-03-27,0,23
2011-04-03,0,23
2011-04-10,0,24
2011-04-17,0,24
2011-04-24,0,24
2011-05-01,0,24
2011-05-08,0,24
2011-05-15,0,24
2011-05-22,0,24
2011-05-29,0,24
2011-06-05,0,23
2011-06-12,0,23
2011-06-19,0,23
2011-06-26,0,24
2011-07-03,0,24
2011-07-10,0,24
2011-07-17,0,24
2011-07-24,0,24
2011-07-31,0,24
2011-08-07,0,24
2011-08-14,0,24
2011-08-21,0,23
2011-08-28,0,23
2011-09-04,0,23
2011-09-11,0,24
2011-09-18,0,24
2011-09-25,0,24
2011-10-02,0,24
2011-10-09,0,24
2011-10-16,0,24
2011-10-23,0,24
2011-10-30,0,24
2011-11-06,0,23
2011-11-13,0,23
2011-11-20,0,23
2011-11-27,0,24
2011-12-04,0,24
2011-12-11,0,24
2011-12-18,0,24
2011-12-25,0,24
2012-01-01,0,24
2012-01-08,0,24
2012-01-15,0,24
2012-01-22,0,23
2012-01-29,0,23
2012-02-05,0,23
2012-02-12,0,24
2012-02-19,0,24
2012-02-26,0,24
2012-03-04,0,24
2012-03-11,0,24
2012-03-18,0,24
2012-03-25,0,24
2012-04-01,0,24
2012-04-08,0,24
2012-04-15,0,23
2012-04-22,0,23
2012-04-29,0,24
2012-05-06,0,24
2012-05-13,0,24
2012-05-20,0,24
2012-05-27,0,24
2012-06-03,0,24
2012-06-10,0,24
2012-06-17,0,24
2012-06-24,0,24
2012-07-01,0,23
2012-07-08,0,23
2012-07-15,0,24
2012-07-22,0,24
2012-07-29,0,24
2012-08-05,0,24
2012-08-12,0,24
2012-08-19,0,24
2012-08-26,0,24
2012-09-02,0,24
2012-09-09,0,24
2012-09-16,0,23
2012-09-23,0,23
2012-09-30,43.958333333333336,24
2012-10-07,0,24
2012-10-14,0,24
2012-10-21,0,24
2012-10-28,0,24
2012-11-04,0,24
2012-11-11,0,24
2012-11-18,33.29166666666667,24
2012-11-25,0,24
2012-12-02,64.60869565217392,23
2012-12-09,0,23
2012-12-16,0,24
2012-12-23,0,24
2012-12-30,0,24
2013-01-06,0,24
2013-01-13,0,24
2013-01-20,0,24
2013-01-27,0,24
2013-02-03,0,24
2013-02-10,0,24
2013-02-17,0,23
2013-02-24,0,23
2013-03-03,0,24
2013-03-10,0,24
2013-03-17,0,24
2013-03-24,0,24
2013-03-31,0,24
2013-04-07,0,24
2013-04-14,38.79166666666667,24
2013-04-21,0,24
2013-04-28,0,23
2013-05-05,0,23
2013-05-12,0,23
2013-05-19,0,24
2013-05-26,0,24
2013-06-02,0,24
2013-06-09,0,24
2013-06-16,0,24
2013-06-23,0,24
2013-06-30,0,24
2013-07-07,0,24
2013-07-14,0,23
2013-07-21,0,23
2013-07-28,0,23
2013-08-04,0,24
2013-08-11,0,24
2013-08-18,0,24
2013-08-25,0,24
2013-09-01,42.666666666666664,24
2013-09-08,0,24
2013-09-15,0,24
2013-09-22,0,24
2013-09-29,0,23
2013-10-06,0,23
2013-10-13,0,23
2013-10-20,0,24
2013-10-27,0,24
2013-11-03,0,24
2013-11-10,0,24
2013-11-17,0,24
2013-11-24,0,24
2013-12-01,0,24
2013-12-08,0,24
2013-12-15,0,23
2013-12-22,0,23
2013-12-29,0,23
2014-01-05,0,24
2014-01-12,0,24
2014-01-19,0,24
2014-01-26,0,24
2014-02-02,0,24
2014-02-09,0,24
2014-02-16,0,24
2014-02-23,0,24
2014-03-02,0,23
2014-03-09,0,23
2014-03-16,0,23
2014-03-23,0,24
2014-03-30,0,24
2014-04-06,0,24
2014-04-13,0,24
2014-04-20,0,24
2014-04-27,0,24
2014-05-04,0,24
2014-05-11,61.083333333333336,24
2014-05-18,0,23
2014-05-25,0,23
2014-06-01,0,23
2014-06-08,0,24
2014-06-15,0,24
2014-06-22,0,24
2014-06-29,0,24
2014-07-06,0,24
2014-07-13,0,24
2014-07-20,0,24
2014-07-27,0,24
2014-08-03,0,23
2014-08-10,49.08695652173913,23
2014-08-17,0,23
2014-08-24,0,24
2014-08-31,0,24
2014-09-07,94.66666666666669,24
2014-09-14,0,24
2014-09-21,0,24
2014-09-28,0,24
2014-10-05,0,24
2014-10-12,0,24
2014-10-19,48.17391304347826,23
2014-10-26,0,23
2014-11-02,0,23
2014-11-09,0,24
2014-11-16,0,24
2014-11-23,0,24
2014-11-30,0,24
2014-12-07,0,24
2014-12-14,0,24
2014-12-21,0,24
2014-12-28,0,24
2015-01-04,0,23
2015-01-11,0,23
2015-01-18,0,23
2015-01-25,0,24
2015-02-01,0,24
2015-02-08,0,24
2015-02-15,0,24
2015-02-22,0,24
2015-03-01,0,24
2015-03-08,0,24
2015-03-15,0,24
2015-03-22,0,23
2015-03-29,0,23
2015-04-05,0,23
2015-04-12,0,24
2015-04-19,0,24
2015-04-26,0,24
2015-05-03,0,24
2015-05-10,0,24
2015-05-17,0,24
2015-05-24,0,24
2015-05-31,0,24
2015-06-07,0,23
2015-06-14,0,23
2015-06-21,0,23
2015-06-28,0,24
2015-07-05,0,24
2015-07-12,0,24
2015-07-19,0,24
2015-07-26,0,24
2015-08-02,0,24
2015-08-09,0,24
2015-08-16,0,24
2015-08-23,0,23
2015-08-30,0,23
2015-09-06,0,23
2015-09-13,0,24
2015-09-20,0,24
2015-09-27,0,24
2015-10-04,0,24
2015-10-11,0,24
2015-10-18,0,24
2015-10-25,0,24
2015-11-01,0,24
2015-11-08,0,23
2015-11-15,0,23
2015-11-22,0,23
2015-11-29,0,24
2015-12-06,0,24
2015-12-13,0,24
2015-12-20,0,24
2015-12-27,0,24
2016-01-03,0,24
2016-01-10,0,24
2016-01-17,0,24
2016-01-24,0,23
2016-01-31,0,23
2016-02-07,0,23
2016-02-14,0,24
2016-02-21,0,24
2016-02-28,0,24
2016-03-06,0,24
2016-03-13,0,24
2016-03-20,0,24
2016-03-27,0,24
2016-04-03,0,24
2016-04-10,0,24
2016-04-17,0,23
2016-04-24,0,23
2016-05-01,0,24
2016-05-08,0,24
2016-05-15,0,24
2016-05-22,0,24
2016-05-29,0,24
2016-06-05,0,24
2016-06-12,0,24
2016-06-19,0,24
2016-06-26,0,24
2016-07-03,0,23
2016-07-10,0,23
2016-07-17,0,24
2016-07-24,0,24
2016-07-31,0,24
2016-08-07,0,24
2016-08-14,49.583333333333336,24
2016-08-21,0,24
2016-08-28,0,24
2016-09-04,0,24
2016-09-11,0,24
2016-09-18,0,23
2016-09-25,0,23
2016-10-02,0,24
2016-10-09,0,24
2016-10-16,0,24
2016-10-23,33.41666666666667,24
2016-10-30,0,24
2016-11-06,0,24
2016-11-13,0,24
2016-11-20,0,24
2016-11-27,0,24
2016-12-04,0,23
2016-12-11,0,23
2016-12-18,32.16666666666667,24
2016-12-25,0,24
2017-01-01,0,24
2017-01-08,0,24
2017-01-15,0,24
2017-01-22,0,24
2017-01-29,0,24
2017-02-05,0,24
2017-02-12,0,24
2017-02-19,0,23
2017-02-26,0,23
2017-03-05,0,24
2017-03-12,0,24
2017-03-19,0,24
2017-03-26,0,24
2017-04-02,0,24
2017-04-09,0,24
2017-04-16,0,24
2017-04-23,0,24
2017-04-30,0,23
2017-05-07,0,23
2017-05-14,0,23
2017-05-21,0,24
2017-05-28,0,24
2017-06-04,0,24
2017-06-11,0,24
2017-06-18,0,24
2017-06-25,0,24
2017-07-02,0,24
2017-07-09,0,24
2017-07-16,0,23
2017-07-23,0,23
2017-07-30,0,23
2017-08-06,0,24
2017-08-13,0,24
2017-08-20,28.333333333333332,24
2017-08-27,0,24
2017-09-03,0,24
2017-09-10,0,24
2017-09-17,0,24
2017-09-24,0,24
2017-10-01,0,23
2017-10-08,0,23
2017-10-15,0,23
2017-10-22,0,24
2017-10-29,0,24
2017-11-05,0,24
2017-11-12,0,24
2017-11-19,0,24
2017-11-26,0,24
2017-12-03,0,24
2017-12-10,20.166666666666668,24
2017-12-17,0,23
2017-12-24,0,23
2017-12-31,0,23
2018-01-07,0,24
2018-01-14,0,24
2018-01-21,0,24
2018-01-28,0,24
2018-02-04,0,24
2018-02-11,0,24
2018-02-18,0,24
2018-02-25,0,24
2018-03-04,0,23
2018-03-11,0,23
2018-03-18,0,23
2018-03-25,0,24
2018-04-01,0,24
2018-04-08,0,24
2018-04-15,0,24
2018-04-22,0,24
2018-04-29,0,24
2018-05-06,0,24
2018-05-13,0,24
2018-05-20,0,23
2018-05-27,0,23
2018-06-03,0,23
2018-06-10,0,24
2018-06-17,0,24
2018-06-24,0,24
2018-07-01,0,24
2018-07-08,0,24
2018-07-15,0,24
2018-07-22,0,24
2018-07-29,0,24
2018-08-05,0,23
2018-08-12,0,23
2018-08-19,0,23
2018-08-26,0,24
2018-09-02,0,24
2018-09-09,0,24
2018-09-16,0,24
2018-09-23,0,24
2018-09-30,0,24
2018-10-07,0,24
2018-10-14,0,24
2018-10-21,0,23
2018-10-28,0,23
2018-11-04,0,23
2018-11-11,0,24
2018-11-18,0,24
2018-11-25,0,24
2018-12-02,0,24
2018-12-09,0,24
2018-12-16,0,24
2018-12-23,0,24
2018-12-30,0,24
2019-01-06,0,23
2019-01-13,0,23
2019-01-20,0,23
2019-01-27,0,24
2019-02-03,0,24
2019-02-10,0,24
2019-02-17,0,24
2019-02-24,0,24
2019-03-03,0,24
2019-03-10,0,24
2019-03-17,0,24
2019-03-24,0,23
2019-03-31,0,23
2019-04-07,0,23
2019-04-14,0,24
2019-04-21,0,24
2019-04-28,0,24
2019-05-05,0,24
2019-05-12,0,24
2019-05-19,0,24
2019-05-26,0,24
2019-06-02,0,24
2019-06-09,0,23
2019-06-16,0,23
2019-06-23,0,23
2019-06-30,0,24
2019-07-07,0,24
2019-07-14,0,24
2019-07-21,0,24
2019-07-28,0,24
2019-08-04,0,24
2019-08-11,0,24
2019-08-18,0,24
2019-08-25,0,23
2019-09-01,0,23
2019-09-08,0,23
2019-09-15,0,24
2019-09-22,0,24
2019-09-29,0,24
2019-10-06,0,24
2019-10-13,0,24
2019-10-20,0,24
2019-10-27,0,24
2019-11-03,0,24
2019-11-10,0,23
2019-11-17,0,23
2019-11-24,0,23
2019-12-01,0,24
2019-12-08,0,24
2019-12-15,0,24
2019-12-22,0,24
2019-12-29,0,24
2020-01-05,0,24
2020-01-12,0,24
2020-01-19,2.4583333333333326,24
2020-01-26,0,23
2020-02-02,0,23
2020-02-09,0,23
2020-02-16,0,23
2020-02-23,0,23
2020-03-01,2,23
2020-03-08,10,23
2020-03-15,100,23
2020-03-22,86,23
2020-03-29,50,23
2020-04-05,25,23
2020-04-12,22,23
2020-04-19,22,22
2020-04-26,20,22
2020-05-03,18,22
2020-05-10,18,22
2020-05-17,14,22
2020-05-24,19,22
2020-05-31,12,22
2020-06-07,10,22
2020-06-14,12,22
2020-06-21,10,22
2020-06-28,8,22
2020-07-05,5,21
2020-07-12,6,21
2020-07-19,6,21
2020-07-26,8,21
2020-08-02,5,21
2020-08-09,4,21
2020-08-16,5,21
2020-08-23,6,21
2020-08-30,5,21
2020-09-06,4,21
2020-09-13,6,21
2020-09-20,6,20
2020-09-27,7,20
2020-10-04,4,20
2020-10-11,4,20
2020-10-18,4,20
2020-10-25,5,20
2020-11-01,8,20
2020-11-08,6,20
2020-11-15,11,20
2020-11-22,5,20
2020-11-29,5,20
2020-12-06,3,19
2020-12-13,4,19
2020-12-20,4,19
2020-12-27,3,19
2021-01-03,4,19
2021-01-10,5,19
2021-01-17,6,19
2021-01-24,5,19
2021-01-31,4,19
2021-02-07,4,19
2021-02-14,5,19
2021-02-21,4,18
2021-02-28,5,18
2021-03-07,4,18
2021-03-14,4,18
2021-03-21,5,18
2021-03-28,5,18
2021-04-04,5,18
2021-04-11,4,18
2021-04-18,3,18
2021-04-25,4,18
2021-05-02,3,17
2021-05-09,2,17
2021-05-16,3,17
2021-05-23,3,17
2021-05-30,3,17
2021-06-06,3,17
2021-06-13,3,17
2021-06-20,2,17
2021-06-27,3,17
2021-07-04,2,17
2021-07-11,2,17
2021-07-18,2,16
2021-07-25,2,16
2021-08-01,1,16
2021-08-08,1,16
2021-08-15,1,16
2021-08-22,1,16
2021-08-29,1,16
2021-09-05,1,16
2021-09-12,1,16
2021-09-19,1,16
2021-09-26,1,16
2021-10-03,1,15
2021-10-10,1,15
2021-10-17,1,15
2021-10-24,1,15
2021-10-31,1,15
2021-11-07,1,15
2021-11-14,3,15
2021-11-21,8,15
2021-11-28,5,15
2021-12-05,4,15
2021-12-12,3,15
2021-12-19,3,14
2021-12-26,2,14
2022-01-02,2,14
2022-01-09,2,14
2022-01-16,2,14
2022-01-23,2,14
2022-01-30,2,14
2022-02-06,1,14
2022-02-13,1,14
2022-02-20,1,14
2022-02-27,2,14
2022-03-06,1,13
2022-03-13,1,13
2022-03-20,1,13
2022-03-27,2,13
2022-04-03,1,13
2022-04-10,3,13
2022-04-17,2,13
2022-04-24,1,13
2022-05-01,1,13
2022-05-08,1,13
2022-05-15,1,13
2022-05-22,1,12
2022-05-29,1,12
2022-06-05,1,12
2022-06-12,1,12
2022-06-19,1,12
2022-06-26,1,12
2022-07-03,1,12
2022-07-10,1,12
2022-07-17,0,12
2022-07-24,1,12
2022-07-31,0,12
2022-08-07,0,11
2022-08-14,0,11
2022-08-21,0,11
2022-08-28,1,11
2022-09-04,1,11
2022-09-11,0,11
2022-09-18,0,11
2022-09-25,0,11
2022-10-02,0,11
2022-10-09,0,11
2022-10-16,0,11
2022-10-23,0,10
2022-10-30,0,10
2022-11-06,0,10
2022-11-13,0,10
2022-11-20,0,10
2022-11-27,0,10
2022-12-04,0,10
2022-12-11,0,10
2022-12-18,0,10
2022-12-25,0,10
2023-01-01,0,10
2023-01-08,0,9
2023-01-15,0,9
2023-01-22,0,9
2023-01-29,0,9
2023-02-05,0,9
2023-02-12,0,9
2023-02-19,0,9
2023-02-26,0,9
2023-03-05,0,9
2023-03-12,0,9
2023-03-19,0,9
2023-03-26,0,8
2023-04-02,0,8
2023-04-09,0,8
2023-04-16,0,8
2023-04-23,0,8
2023-04-30,0,8
2023-05-07,0,8
2023-05-14,0,8
2023-05-21,0,8
2023-05-28,0,8
2023-06-04,0,8
2023-06-11,0,7
2023-06-18,0,7
2023-06-25,0,7
2023-07-02,0,7
2023-07-09,0,7
2023-07-16,0,7
2023-07-23,0,7
2023-07-30,0,7
2023-08-06,0,7
2023-08-13,0,7
2023-08-20,0,7
2023-08-27,0,6
2023-09-03,0,6
2023-09-10,0,6
2023-09-17,22.7,10
2023-09-24,40.9,20
2023-10-01,59.96774193548387,31
2023-10-08,36.475,40
2023-10-15,34.0392156862745,51
2023-10-22,25.72307692307692,65
2023-10-29,21.181818181818176,77
2023-11-05,25.8876404494382,89
2023-11-12,33.53465346534657,101
2023-11-19,11.14285714285714,112
2023-11-26,18.774193548387096,124
2023-12-03,22.192592592592593,135
2023-12-10,15.553956834532377,139
2023-12-17,44.3076923076923,143
2023-12-24,1.285714285714286,154
2023-12-31,9.467065868263491,167
2024-01-07,18.832402234636888,179
2024-01-14,31.188481675392655,191
2024-01-21,7.6435643564356495,202
2024-01-28,38.93427230046951,213
2024-02-04,21.163716814159297,226
2024-02-11,11.147058823529406,238
2024-02-18,19.611336032388667,247
2024-02-25,14.458823529411754,255
2024-03-03,25.98501872659176,267
2024-03-10,1.7482014388489218,278
2024-03-17,24.501730103806224,289
2024-03-24,6.674418604651164,301
2024-03-31,2.814696485623006,313
2024-04-07,9.889230769230762,325
2024-04-14,5.44047619047619,336
2024-04-21,11.88115942028986,345
2024-04-28,93.31920903954808,354
2024-05-05,2.809917355371904,363
2024-05-12,25.85675675675673,370
2024-05-19,4.933687002652521,377
2024-05-26,4.535064935064935,385
2024-06-02,10.54198473282443,393
2024-06-09,4.242499999999999,400
2024-06-16,25.046568627450995,408
2024-06-23,17.302380952380947,420
2024-06-30,29.81105990783409,434
2024-07-07,13.25055928411632,447
2024-07-14,97.832971800434,461
2024-07-21,57.14526315789474,475
2024-07-28,22.97341513292433,489
2024-08-04,6.504970178926441,503
2024-08-11,3.2940038684719517,517
2024-08-18,10.52173913043478,529
2024-08-25,25.520599250936353,534
2024-09-01,4.734082397003745,534
2024-09-08,11.359550561797764,534
2024-09-15,28.12921348314608,534
2024-09-22,30.429924242424217,528
2024-09-29,9.95736434108528,516
2024-10-06,30.82738095238095,504
2024-10-13,10.786290322580642,496
2024-10-20,30.485537190082667,484
2024-10-27,17.378723404255318,470
2024-11-03,23.34130434782608,460
2024-11-10,68.85426008968612,446
2024-11-17,25.357142857142847,434
2024-11-24,5.341981132075472,424
2024-12-01,6.629268292682928,410
2024-12-08,5.9274999999999975,400
2024-12-15,8.409547738693465,398
2024-12-22,0.5913705583756346,394
2024-12-29,2.031578947368422,380
2025-01-05,5.024590163934423,366
2025-01-12,12.205056179775296,356
2025-01-19,11.032163742690066,342
2025-01-26,2.709580838323354,334
2025-02-02,2.0781249999999982,320
2025-02-09,7.542483660130716,306
2025-02-16,8.233108108108109,296
2025-02-23,6.569444444444443,288
2025-03-02,4.848920863309354,278
2025-03-09,1.4393939393939403,264
2025-03-16,9.695312500000002,256
2025-03-23,4.1074380165289215,242
2025-03-30,1.8620689655172415,232
2025-04-06,9.385321100917428,218
2025-04-13,4.682692307692305,208
2025-04-20,2.0510204081632675,196
2025-04-27,3.079787234042554,188
2025-05-04,4.095505617977531,178
2025-05-11,4.617647058823528,170
2025-05-18,7.975609756097564,164
2025-05-25,3.1257861635220117,159
2025-06-01,1.2298136645962745,161
2025-06-08,1.7425149700598797,167
2025-06-15,2.070175438596491,171
2025-06-22,3.2628571428571433,175
2025-06-29,5.428571428571429,175
2025-07-06,12.068571428571424,175
2025-07-13,6.720000000000002,175
2025-07-20,8.514450867052025,173
2025-07-27,6.497041420118343,169
2025-08-03,9.407407407407408,162
2025-08-10,4.880000000000003,150
2025-08-17,3.25735294117647,136
2025-08-24,0,124
2025-08-31,14.516129032258062,124
2025-09-07,9.65322580645161,124
2025-09-14,5.709677419354839,124
2025-09-21,9.983870967741934,124
2025-09-28,10.725806451612902,124
2025-10-05,0.967741935483871,124
2025-10-12,7.274193548387095,124
2025-10-19,79.6774193548387,124
2025-10-26,7.354838709677421,124
2025-11-02,7.806451612903226,124
2025-11-09,6.38709677419355,124
2025-11-16,6.354838709677419,124
2025-11-23,6.338709677419354,124
2025-11-30,0,124
2025-12-07,4.548387096774196,124
2025-12-14,6.06451612903226,124
2025-12-21,3.0483870967741935,124
2025-12-28,3.0161290322580645,124
2026-01-04,12.17741935483871,124
2026-01-11,58.80645161290322,124
2026-01-18,19.04032258064516,124
2026-01-25,14.85483870967742,124
2026-02-01,24.403225806451623,124
2026-02-08,4.03225806451613,124
2026-02-15,0,124
2026-02-22,9.54838709677419,124
2026-03-01,10.483870967741932,124
2026-03-08,11.741935483870975,124
2026-03-15,2.387096774193548,124
2026-03-22,16.725806451612907,124
2026-03-29,2.5,124
2026-04-05,1.7016129032258065,124
2026-04-12,1.9677419354838714,124
2026-04-19,0,124
2026-04-26,2.725806451612902,124
2026-05-03,5.483870967741935,124
2026-05-10,3.9516129032258056,124
2026-05-17,3.8225806451612887,124
2026-05-24,4.338709677419355,124
2026-05-31,5.958333333333331,120
2026-06-07,8.10377358490566,106
2026-06-14,6.630434782608695,92
2026-06-21,9.878048780487804,82
2026-06-28,10.80882352941176,68
2026-07-05,7.2592592592592595,54
2026-07-12,9.250000000000002,40
2026-07-19,10.26923076923077,26
2026-07-26,6.875,16
2026-08-02,2.3333333333333335,6
